customerID,tenure,Contract,MonthlyCharges,Month
a4460352-5342-11ec-a9bb-0242ac1c0002,55,24 months (first gen),77.0,6
a446047e-5342-11ec-a9bb-0242ac1c0002,48,1 month,20.5,6
a44605a0-5342-11ec-a9bb-0242ac1c0002,70,24 months (first gen),20.0,6
a446062c-5342-11ec-a9bb-0242ac1c0002,36,24 months,32.5,6
a44606b8-5342-11ec-a9bb-0242ac1c0002,18,24 months,49.0,6
a4460744-5342-11ec-a9bb-0242ac1c0002,74,24 months,63.5,6
a446096a-5342-11ec-a9bb-0242ac1c0002,78,24 months (first gen),72.0,6
a44609f6-5342-11ec-a9bb-0242ac1c0002,32,1 month,40.0,6
a4460a82-5342-11ec-a9bb-0242ac1c0002,48,1 month,32.5,6
a4460b0e-5342-11ec-a9bb-0242ac1c0002,60,24 months (first gen),53.0,6
a4460b90-5342-11ec-a9bb-0242ac1c0002,50,24 months,20.0,6
a4460c26-5342-11ec-a9bb-0242ac1c0002,39,24 months,16.5,6
a4460cb2-5342-11ec-a9bb-0242ac1c0002,58,1 month,40.5,6
a4460dca-5342-11ec-a9bb-0242ac1c0002,7,1 month,20.0,6
a4460e4c-5342-11ec-a9bb-0242ac1c0002,72,24 months,72.0,6
a4460ee2-5342-11ec-a9bb-0242ac1c0002,55,24 months,42.0,6
a4461356-5342-11ec-a9bb-0242ac1c0002,22,24 months,16.5,6
a44613f6-5342-11ec-a9bb-0242ac1c0002,14,1 month,16.0,6
a4461482-5342-11ec-a9bb-0242ac1c0002,63,24 months (first gen),16.0,6
a446150e-5342-11ec-a9bb-0242ac1c0002,77,24 months (first gen),65.5,6
a446173e-5342-11ec-a9bb-0242ac1c0002,65,24 months,62.0,6
a4461856-5342-11ec-a9bb-0242ac1c0002,29,1 month,24.5,6
a4461f9a-5342-11ec-a9bb-0242ac1c0002,52,24 months (first gen),53.0,6
a44620b2-5342-11ec-a9bb-0242ac1c0002,77,24 months (first gen),63.0,6
a44623e6-5342-11ec-a9bb-0242ac1c0002,72,24 months,83.0,6
a4462472-5342-11ec-a9bb-0242ac1c0002,78,24 months (first gen),72.5,6
a4462580-5342-11ec-a9bb-0242ac1c0002,7,1 month,16.5,6
a4462602-5342-11ec-a9bb-0242ac1c0002,40,24 months,16.5,6
a446268e-5342-11ec-a9bb-0242ac1c0002,8,1 month,16.0,6
a44628be-5342-11ec-a9bb-0242ac1c0002,75,24 months (first gen),80.5,6
a44629cc-5342-11ec-a9bb-0242ac1c0002,76,24 months (first gen),69.5,6
a4462a58-5342-11ec-a9bb-0242ac1c0002,51,1 month,41.0,6
a4462ada-5342-11ec-a9bb-0242ac1c0002,64,24 months,40.5,6
a4462b5c-5342-11ec-a9bb-0242ac1c0002,78,24 months (first gen),16.0,6
a4462be8-5342-11ec-a9bb-0242ac1c0002,24,24 months,16.5,6
a4462c6a-5342-11ec-a9bb-0242ac1c0002,62,1 month,70.0,6
a4462cf6-5342-11ec-a9bb-0242ac1c0002,73,24 months (first gen),61.0,6
a4462d78-5342-11ec-a9bb-0242ac1c0002,44,24 months (first gen),20.5,6
a4462e9a-5342-11ec-a9bb-0242ac1c0002,43,1 month,44.5,6
a4462fee-5342-11ec-a9bb-0242ac1c0002,63,24 months,57.0,6
a44633ae-5342-11ec-a9bb-0242ac1c0002,73,24 months (first gen),15.5,6
a4463552-5342-11ec-a9bb-0242ac1c0002,18,24 months,16.5,6
a446367e-5342-11ec-a9bb-0242ac1c0002,8,1 month,16.0,6
a44637a0-5342-11ec-a9bb-0242ac1c0002,78,24 months (first gen),52.5,6
a446398a-5342-11ec-a9bb-0242ac1c0002,45,24 months,47.5,6
a4463a2a-5342-11ec-a9bb-0242ac1c0002,28,24 months (first gen),20.5,6
a4463bc4-5342-11ec-a9bb-0242ac1c0002,74,24 months (first gen),16.0,6
a4463cc8-5342-11ec-a9bb-0242ac1c0002,55,1 month,48.5,6
a4463dd6-5342-11ec-a9bb-0242ac1c0002,38,24 months (first gen),16.0,6
a4463e62-5342-11ec-a9bb-0242ac1c0002,15,1 month,16.0,6
a4463ef8-5342-11ec-a9bb-0242ac1c0002,78,24 months (first gen),45.0,6
a446409c-5342-11ec-a9bb-0242ac1c0002,7,1 month,17.0,6
a44641aa-5342-11ec-a9bb-0242ac1c0002,78,24 months (first gen),84.0,6
a4464236-5342-11ec-a9bb-0242ac1c0002,43,24 months,47.5,6
a44642b8-5342-11ec-a9bb-0242ac1c0002,78,24 months (first gen),73.5,6
a446433a-5342-11ec-a9bb-0242ac1c0002,36,24 months (first gen),60.5,6
a44644d4-5342-11ec-a9bb-0242ac1c0002,19,24 months (first gen),33.0,6
a4464556-5342-11ec-a9bb-0242ac1c0002,62,24 months,55.5,6
a44646e6-5342-11ec-a9bb-0242ac1c0002,54,1 month,37.0,6
a4464772-5342-11ec-a9bb-0242ac1c0002,57,24 months,15.5,6
a4464916-5342-11ec-a9bb-0242ac1c0002,77,24 months (first gen),67.0,6
a44649a2-5342-11ec-a9bb-0242ac1c0002,61,1 month,44.0,6
a4464ab0-5342-11ec-a9bb-0242ac1c0002,11,1 month,16.5,6
a4464bbe-5342-11ec-a9bb-0242ac1c0002,78,24 months (first gen),21.0,6
a4464d44-5342-11ec-a9bb-0242ac1c0002,66,24 months,84.5,6
a4464ede-5342-11ec-a9bb-0242ac1c0002,67,24 months (first gen),65.5,6
a4464fec-5342-11ec-a9bb-0242ac1c0002,78,24 months (first gen),74.0,6
a4465294-5342-11ec-a9bb-0242ac1c0002,71,24 months (first gen),84.5,6
a4465316-5342-11ec-a9bb-0242ac1c0002,16,24 months,16.0,6
a44653a2-5342-11ec-a9bb-0242ac1c0002,37,1 month,48.5,6
a4465636-5342-11ec-a9bb-0242ac1c0002,23,24 months,36.0,6
a446599c-5342-11ec-a9bb-0242ac1c0002,21,1 month,20.0,6
a4465cee-5342-11ec-a9bb-0242ac1c0002,37,24 months,64.0,6
a4465e06-5342-11ec-a9bb-0242ac1c0002,29,24 months (first gen),20.5,6
a4465e88-5342-11ec-a9bb-0242ac1c0002,77,24 months (first gen),78.5,6
a446602c-5342-11ec-a9bb-0242ac1c0002,30,24 months (first gen),19.5,6
a44660fe-5342-11ec-a9bb-0242ac1c0002,71,24 months (first gen),88.5,6
a446631a-5342-11ec-a9bb-0242ac1c0002,12,24 months,16.5,6
a44663b0-5342-11ec-a9bb-0242ac1c0002,33,24 months (first gen),16.5,6
a44664dc-5342-11ec-a9bb-0242ac1c0002,72,24 months,73.5,6
a44665ea-5342-11ec-a9bb-0242ac1c0002,78,24 months (first gen),88.0,6
a4466798-5342-11ec-a9bb-0242ac1c0002,47,1 month,45.0,6
a446681a-5342-11ec-a9bb-0242ac1c0002,78,24 months (first gen),88.5,6
a44669b4-5342-11ec-a9bb-0242ac1c0002,21,24 months,16.5,6
a4466a36-5342-11ec-a9bb-0242ac1c0002,41,24 months (first gen),19.5,6
a4466ac2-5342-11ec-a9bb-0242ac1c0002,38,24 months,24.5,6
a4466bd0-5342-11ec-a9bb-0242ac1c0002,69,24 months (first gen),70.0,6
a4466c5c-5342-11ec-a9bb-0242ac1c0002,71,24 months (first gen),68.0,6
a4466ce8-5342-11ec-a9bb-0242ac1c0002,71,24 months (first gen),89.5,6
a4466d74-5342-11ec-a9bb-0242ac1c0002,78,24 months (first gen),80.5,6
a4467012-5342-11ec-a9bb-0242ac1c0002,57,1 month,65.0,6
a446709e-5342-11ec-a9bb-0242ac1c0002,64,24 months (first gen),16.5,6
a44671a2-5342-11ec-a9bb-0242ac1c0002,30,24 months (first gen),16.0,6
a446733c-5342-11ec-a9bb-0242ac1c0002,78,24 months (first gen),72.0,6
a44673be-5342-11ec-a9bb-0242ac1c0002,61,24 months,16.0,6
a446744a-5342-11ec-a9bb-0242ac1c0002,68,24 months,20.0,6
a44674ea-5342-11ec-a9bb-0242ac1c0002,22,24 months,16.5,6
a44675f8-5342-11ec-a9bb-0242ac1c0002,77,24 months (first gen),81.0,6
a44676e8-5342-11ec-a9bb-0242ac1c0002,74,24 months (first gen),71.5,6
a4467774-5342-11ec-a9bb-0242ac1c0002,35,1 month,25.0,6
a44677f6-5342-11ec-a9bb-0242ac1c0002,14,1 month,16.0,6
a44679a4-5342-11ec-a9bb-0242ac1c0002,67,24 months (first gen),72.0,6
a4467b2a-5342-11ec-a9bb-0242ac1c0002,20,24 months,16.0,6
a4467bac-5342-11ec-a9bb-0242ac1c0002,60,24 months (first gen),77.0,6
a4467c38-5342-11ec-a9bb-0242ac1c0002,68,24 months (first gen),68.5,6
a4467cba-5342-11ec-a9bb-0242ac1c0002,78,24 months (first gen),75.0,6
a4467d3c-5342-11ec-a9bb-0242ac1c0002,49,1 month,33.0,6
a4467dfa-5342-11ec-a9bb-0242ac1c0002,7,1 month,16.5,6
a4467e86-5342-11ec-a9bb-0242ac1c0002,22,24 months,15.5,6
a446803e-5342-11ec-a9bb-0242ac1c0002,72,24 months,90.0,6
a44680c0-5342-11ec-a9bb-0242ac1c0002,44,24 months (first gen),16.0,6
a44681ce-5342-11ec-a9bb-0242ac1c0002,58,24 months,81.0,6
a44683d6-5342-11ec-a9bb-0242ac1c0002,28,24 months,16.5,6
a4468458-5342-11ec-a9bb-0242ac1c0002,78,24 months (first gen),89.0,6
a44685f2-5342-11ec-a9bb-0242ac1c0002,66,24 months (first gen),16.0,6
a4468674-5342-11ec-a9bb-0242ac1c0002,7,1 month,15.5,6
a4468886-5342-11ec-a9bb-0242ac1c0002,34,24 months,31.5,6
a4468976-5342-11ec-a9bb-0242ac1c0002,78,24 months (first gen),85.0,6
a4468a48-5342-11ec-a9bb-0242ac1c0002,78,24 months (first gen),75.0,6
a4468b88-5342-11ec-a9bb-0242ac1c0002,51,1 month,41.0,6
a4468c14-5342-11ec-a9bb-0242ac1c0002,60,24 months,57.5,6
a4468d18-5342-11ec-a9bb-0242ac1c0002,77,24 months (first gen),94.0,6
a4468eb2-5342-11ec-a9bb-0242ac1c0002,28,1 month,44.0,6
a4468f34-5342-11ec-a9bb-0242ac1c0002,75,24 months (first gen),15.5,6
a44690ce-5342-11ec-a9bb-0242ac1c0002,65,24 months,69.5,6
a4469150-5342-11ec-a9bb-0242ac1c0002,67,24 months,35.5,6
a44691d2-5342-11ec-a9bb-0242ac1c0002,65,24 months (first gen),20.0,6
a44692d6-5342-11ec-a9bb-0242ac1c0002,46,24 months,34.5,6
a4469358-5342-11ec-a9bb-0242ac1c0002,78,24 months (first gen),52.0,6
a4469402-5342-11ec-a9bb-0242ac1c0002,18,1 month,23.5,6
a4469524-5342-11ec-a9bb-0242ac1c0002,31,24 months,16.0,6
a44695a6-5342-11ec-a9bb-0242ac1c0002,38,24 months,15.5,6
a44696b4-5342-11ec-a9bb-0242ac1c0002,59,24 months,76.5,6
a4469844-5342-11ec-a9bb-0242ac1c0002,49,24 months (first gen),19.5,6
a4469a60-5342-11ec-a9bb-0242ac1c0002,78,24 months (first gen),86.0,6
a4469aec-5342-11ec-a9bb-0242ac1c0002,76,24 months (first gen),68.5,6
a4469bfa-5342-11ec-a9bb-0242ac1c0002,22,24 months (first gen),44.5,6
a4469db2-5342-11ec-a9bb-0242ac1c0002,71,24 months,87.5,6
a4469e3e-5342-11ec-a9bb-0242ac1c0002,78,24 months (first gen),90.5,6
a4469ec0-5342-11ec-a9bb-0242ac1c0002,47,1 month,60.5,6
a446a0dc-5342-11ec-a9bb-0242ac1c0002,17,1 month,16.5,6
a446a280-5342-11ec-a9bb-0242ac1c0002,62,1 month,72.5,6
a446a302-5342-11ec-a9bb-0242ac1c0002,77,24 months,69.0,6
a446a38e-5342-11ec-a9bb-0242ac1c0002,78,24 months (first gen),94.0,6
a446a410-5342-11ec-a9bb-0242ac1c0002,77,24 months (first gen),43.5,6
a446a5e6-5342-11ec-a9bb-0242ac1c0002,70,24 months (first gen),75.5,6
a446a794-5342-11ec-a9bb-0242ac1c0002,55,24 months (first gen),40.5,6
a446a820-5342-11ec-a9bb-0242ac1c0002,54,24 months (first gen),16.0,6
a446a8ac-5342-11ec-a9bb-0242ac1c0002,73,24 months (first gen),56.0,6
a446a92e-5342-11ec-a9bb-0242ac1c0002,45,24 months,32.5,6
a446ac4e-5342-11ec-a9bb-0242ac1c0002,37,1 month,16.0,6
a446ad5c-5342-11ec-a9bb-0242ac1c0002,78,24 months (first gen),53.0,6
a446af0a-5342-11ec-a9bb-0242ac1c0002,13,1 month,16.5,6
a446afb4-5342-11ec-a9bb-0242ac1c0002,16,1 month,24.0,6
a446b1f8-5342-11ec-a9bb-0242ac1c0002,76,24 months (first gen),61.5,6
a446b496-5342-11ec-a9bb-0242ac1c0002,70,24 months (first gen),80.0,6
a446b5a4-5342-11ec-a9bb-0242ac1c0002,78,24 months (first gen),81.5,6
a446b6b2-5342-11ec-a9bb-0242ac1c0002,14,24 months (first gen),16.0,6
a446b7b6-5342-11ec-a9bb-0242ac1c0002,64,24 months,49.0,6
a446b8c4-5342-11ec-a9bb-0242ac1c0002,28,1 month,44.5,6
a446b9fa-5342-11ec-a9bb-0242ac1c0002,57,24 months,63.5,6
a446bafe-5342-11ec-a9bb-0242ac1c0002,74,24 months (first gen),20.5,6
a446bc16-5342-11ec-a9bb-0242ac1c0002,7,1 month,24.5,6
a446bda6-5342-11ec-a9bb-0242ac1c0002,78,24 months (first gen),21.0,6
a446beb4-5342-11ec-a9bb-0242ac1c0002,70,24 months,20.0,6
a446bfb8-5342-11ec-a9bb-0242ac1c0002,70,24 months,57.0,6
a446c044-5342-11ec-a9bb-0242ac1c0002,69,24 months (first gen),61.5,6
a446c0c6-5342-11ec-a9bb-0242ac1c0002,19,24 months,20.0,6
a446c27e-5342-11ec-a9bb-0242ac1c0002,74,24 months (first gen),64.5,6
a446c346-5342-11ec-a9bb-0242ac1c0002,78,24 months (first gen),89.5,6
a446c454-5342-11ec-a9bb-0242ac1c0002,9,24 months,16.5,6
a446c4d6-5342-11ec-a9bb-0242ac1c0002,73,24 months (first gen),76.0,6
a446cb8e-5342-11ec-a9bb-0242ac1c0002,61,24 months (first gen),21.0,6
a446cc6a-5342-11ec-a9bb-0242ac1c0002,44,24 months,56.0,6
a446ce04-5342-11ec-a9bb-0242ac1c0002,44,24 months,16.5,6
a446d0c0-5342-11ec-a9bb-0242ac1c0002,7,1 month,20.0,6
a446d1f6-5342-11ec-a9bb-0242ac1c0002,45,24 months,36.5,6
a446d282-5342-11ec-a9bb-0242ac1c0002,21,1 month,20.5,6
a446d304-5342-11ec-a9bb-0242ac1c0002,16,1 month,17.0,6
a446d386-5342-11ec-a9bb-0242ac1c0002,32,24 months,15.5,6
a446d49e-5342-11ec-a9bb-0242ac1c0002,77,24 months (first gen),84.5,6
a446d52a-5342-11ec-a9bb-0242ac1c0002,18,1 month,16.0,6
a446d93a-5342-11ec-a9bb-0242ac1c0002,30,24 months (first gen),16.0,6
a446d9c6-5342-11ec-a9bb-0242ac1c0002,54,24 months (first gen),21.5,6
a446dad4-5342-11ec-a9bb-0242ac1c0002,26,1 month,15.5,6
a446db60-5342-11ec-a9bb-0242ac1c0002,24,24 months,16.5,6
a446dbec-5342-11ec-a9bb-0242ac1c0002,27,1 month,20.0,6
a446dc6e-5342-11ec-a9bb-0242ac1c0002,78,24 months,84.5,6
a446df20-5342-11ec-a9bb-0242ac1c0002,55,1 month,24.5,6
a446e13c-5342-11ec-a9bb-0242ac1c0002,75,24 months (first gen),19.5,6
a446e470-5342-11ec-a9bb-0242ac1c0002,36,24 months (first gen),17.0,6
a446e57e-5342-11ec-a9bb-0242ac1c0002,74,24 months,82.0,6
a446e600-5342-11ec-a9bb-0242ac1c0002,58,24 months,52.0,6
a446e68c-5342-11ec-a9bb-0242ac1c0002,58,24 months (first gen),65.5,6
a446e9c0-5342-11ec-a9bb-0242ac1c0002,75,24 months,16.5,6
a446eaf6-5342-11ec-a9bb-0242ac1c0002,76,24 months (first gen),92.0,6
a446eb82-5342-11ec-a9bb-0242ac1c0002,57,24 months (first gen),69.5,6
a446ec0e-5342-11ec-a9bb-0242ac1c0002,60,24 months (first gen),48.5,6
a446ee2a-5342-11ec-a9bb-0242ac1c0002,77,24 months (first gen),16.0,6
a446ef38-5342-11ec-a9bb-0242ac1c0002,58,24 months,16.0,6
a446efba-5342-11ec-a9bb-0242ac1c0002,69,24 months (first gen),19.5,6
a446f1e0-5342-11ec-a9bb-0242ac1c0002,78,24 months (first gen),87.0,6
a446f316-5342-11ec-a9bb-0242ac1c0002,20,24 months,36.0,6
a446f668-5342-11ec-a9bb-0242ac1c0002,75,24 months,85.0,6
a446f6ea-5342-11ec-a9bb-0242ac1c0002,75,24 months,21.5,6
a446f76c-5342-11ec-a9bb-0242ac1c0002,31,24 months (first gen),28.5,6
a446f7f8-5342-11ec-a9bb-0242ac1c0002,21,1 month,16.0,6
a446f884-5342-11ec-a9bb-0242ac1c0002,26,1 month,16.0,6
a446f910-5342-11ec-a9bb-0242ac1c0002,23,24 months (first gen),20.5,6
a446f992-5342-11ec-a9bb-0242ac1c0002,7,1 month,16.5,6
a446fa14-5342-11ec-a9bb-0242ac1c0002,54,24 months,16.0,6
a446fb22-5342-11ec-a9bb-0242ac1c0002,59,24 months (first gen),16.0,6
a446fba4-5342-11ec-a9bb-0242ac1c0002,8,1 month,36.5,6
a446fc30-5342-11ec-a9bb-0242ac1c0002,78,24 months (first gen),19.0,6
a446fdb6-5342-11ec-a9bb-0242ac1c0002,77,24 months (first gen),65.0,6
a446fe42-5342-11ec-a9bb-0242ac1c0002,6,24 months (first gen),16.5,6
a446fec4-5342-11ec-a9bb-0242ac1c0002,18,1 month,15.5,6
a446ffdc-5342-11ec-a9bb-0242ac1c0002,72,24 months,74.5,6
a447005e-5342-11ec-a9bb-0242ac1c0002,18,24 months,16.0,6
a44700ea-5342-11ec-a9bb-0242ac1c0002,68,24 months (first gen),16.5,6
a447016c-5342-11ec-a9bb-0242ac1c0002,14,24 months,35.0,6
a44701ee-5342-11ec-a9bb-0242ac1c0002,7,1 month,15.5,6
a44702fc-5342-11ec-a9bb-0242ac1c0002,70,24 months (first gen),20.0,6
a447059a-5342-11ec-a9bb-0242ac1c0002,63,24 months (first gen),73.5,6
a4470752-5342-11ec-a9bb-0242ac1c0002,47,24 months,16.0,6
a44708e2-5342-11ec-a9bb-0242ac1c0002,43,24 months (first gen),37.0,6
a4470964-5342-11ec-a9bb-0242ac1c0002,12,1 month,16.0,6
a4470c16-5342-11ec-a9bb-0242ac1c0002,72,24 months (first gen),20.5,6
a4470cfc-5342-11ec-a9bb-0242ac1c0002,73,24 months,40.0,6
a4470e0a-5342-11ec-a9bb-0242ac1c0002,25,24 months,15.0,6
a4470fc2-5342-11ec-a9bb-0242ac1c0002,77,24 months (first gen),62.5,6
a447104e-5342-11ec-a9bb-0242ac1c0002,43,24 months,16.5,6
a44710d0-5342-11ec-a9bb-0242ac1c0002,31,1 month,16.5,6
a4471260-5342-11ec-a9bb-0242ac1c0002,57,24 months,56.5,6
a44712f6-5342-11ec-a9bb-0242ac1c0002,70,24 months (first gen),56.0,6
a4471382-5342-11ec-a9bb-0242ac1c0002,61,24 months (first gen),48.0,6
a4471404-5342-11ec-a9bb-0242ac1c0002,78,24 months (first gen),16.5,6
a4471486-5342-11ec-a9bb-0242ac1c0002,26,1 month,56.0,6
a4471512-5342-11ec-a9bb-0242ac1c0002,77,24 months (first gen),73.0,6
a44717a6-5342-11ec-a9bb-0242ac1c0002,51,24 months,44.0,6
a4471968-5342-11ec-a9bb-0242ac1c0002,66,1 month,41.0,6
a4471a3a-5342-11ec-a9bb-0242ac1c0002,19,1 month,16.0,6
a4471b52-5342-11ec-a9bb-0242ac1c0002,55,24 months (first gen),87.5,6
a4471bde-5342-11ec-a9bb-0242ac1c0002,67,24 months,69.5,6
a4471cec-5342-11ec-a9bb-0242ac1c0002,18,24 months (first gen),20.5,6
a4471d6e-5342-11ec-a9bb-0242ac1c0002,66,24 months,77.5,6
a7a995a4-5342-11ec-a9bb-0242ac1c0002,6,1 month,45.0,6
a7a9963a-5342-11ec-a9bb-0242ac1c0002,6,1 month,16.0,6
a7a99996-5342-11ec-a9bb-0242ac1c0002,6,1 month,20.0,6
a7a99b44-5342-11ec-a9bb-0242ac1c0002,6,1 month,16.0,6
a7a99bd0-5342-11ec-a9bb-0242ac1c0002,6,1 month,16.0,6
a7a99c5c-5342-11ec-a9bb-0242ac1c0002,6,1 month,19.5,6
a7a99ce8-5342-11ec-a9bb-0242ac1c0002,6,1 month,15.5,6
a7a99e8c-5342-11ec-a9bb-0242ac1c0002,6,1 month,20.0,6
a7a9a2d8-5342-11ec-a9bb-0242ac1c0002,6,1 month,20.5,6
a7a9a954-5342-11ec-a9bb-0242ac1c0002,6,1 month,41.0,6
a7a9a9e0-5342-11ec-a9bb-0242ac1c0002,6,1 month,16.0,6
a7a9ad1e-5342-11ec-a9bb-0242ac1c0002,6,1 month,16.0,6
a7a9b8f4-5342-11ec-a9bb-0242ac1c0002,6,1 month,40.0,6
a7a9bdcc-5342-11ec-a9bb-0242ac1c0002,6,1 month,16.0,6
a7a9bf66-5342-11ec-a9bb-0242ac1c0002,6,1 month,17.0,6
a7a9c100-5342-11ec-a9bb-0242ac1c0002,6,1 month,15.5,6
a7a9c20e-5342-11ec-a9bb-0242ac1c0002,6,1 month,16.5,6
a7a9d2b2-5342-11ec-a9bb-0242ac1c0002,6,1 month,15.5,6
a7a9d5b4-5342-11ec-a9bb-0242ac1c0002,6,1 month,16.5,6
a7a9d74e-5342-11ec-a9bb-0242ac1c0002,6,1 month,15.5,6
a7a9db36-5342-11ec-a9bb-0242ac1c0002,6,1 month,16.0,6
a7a9de60-5342-11ec-a9bb-0242ac1c0002,6,1 month,16.0,6
a7a9dee2-5342-11ec-a9bb-0242ac1c0002,6,1 month,20.5,6
a7a9df6e-5342-11ec-a9bb-0242ac1c0002,6,1 month,16.0,6
a7a9e3ba-5342-11ec-a9bb-0242ac1c0002,6,1 month,20.0,6
a7a9e98c-5342-11ec-a9bb-0242ac1c0002,6,1 month,15.5,6
a7a9ea9a-5342-11ec-a9bb-0242ac1c0002,6,1 month,16.5,6
a7a9eb26-5342-11ec-a9bb-0242ac1c0002,6,1 month,16.0,6
a7a9ebbc-5342-11ec-a9bb-0242ac1c0002,6,1 month,16.0,6
a7a9ed4c-5342-11ec-a9bb-0242ac1c0002,6,1 month,15.5,6
a7a9eee6-5342-11ec-a9bb-0242ac1c0002,6,1 month,16.0,6
a7a9f27e-5342-11ec-a9bb-0242ac1c0002,6,1 month,15.5,6
a7a9f530-5342-11ec-a9bb-0242ac1c0002,6,1 month,16.5,6
a7a9f940-5342-11ec-a9bb-0242ac1c0002,6,1 month,40.5,6
a7a9fb66-5342-11ec-a9bb-0242ac1c0002,6,1 month,16.5,6
a7a9fe90-5342-11ec-a9bb-0242ac1c0002,6,1 month,16.0,6
a7aa01f6-5342-11ec-a9bb-0242ac1c0002,6,1 month,24.0,6
a7aa0412-5342-11ec-a9bb-0242ac1c0002,6,1 month,36.0,6
a7aa062e-5342-11ec-a9bb-0242ac1c0002,6,1 month,28.5,6
a7aa0dc2-5342-11ec-a9bb-0242ac1c0002,6,1 month,34.5,6
a7aa1286-5342-11ec-a9bb-0242ac1c0002,6,1 month,15.5,6
a7aa1312-5342-11ec-a9bb-0242ac1c0002,6,1 month,16.5,6
a7aa139e-5342-11ec-a9bb-0242ac1c0002,6,1 month,20.5,6
a7aa1420-5342-11ec-a9bb-0242ac1c0002,6,1 month,16.0,6
a7aa18b2-5342-11ec-a9bb-0242ac1c0002,6,24 months,16.0,6
a7aa19ca-5342-11ec-a9bb-0242ac1c0002,6,1 month,19.5,6
a7aa1c5e-5342-11ec-a9bb-0242ac1c0002,6,1 month,44.0,6
a7aa1df8-5342-11ec-a9bb-0242ac1c0002,6,1 month,16.0,6
a7aa1e84-5342-11ec-a9bb-0242ac1c0002,6,1 month,16.0,6
a7aa2028-5342-11ec-a9bb-0242ac1c0002,6,1 month,16.0,6
a7aa20b4-5342-11ec-a9bb-0242ac1c0002,6,1 month,24.0,6
a7aa22d0-5342-11ec-a9bb-0242ac1c0002,6,1 month,15.5,6
a7aa2460-5342-11ec-a9bb-0242ac1c0002,6,1 month,15.5,6
a7aa28ac-5342-11ec-a9bb-0242ac1c0002,6,1 month,16.0,6
a7aa292e-5342-11ec-a9bb-0242ac1c0002,6,1 month,16.5,6
a7aa29ba-5342-11ec-a9bb-0242ac1c0002,6,1 month,17.0,6
a7aa2ad2-5342-11ec-a9bb-0242ac1c0002,6,1 month,15.5,6
a7aa2b5e-5342-11ec-a9bb-0242ac1c0002,6,1 month,20.5,6
a7aa2be0-5342-11ec-a9bb-0242ac1c0002,6,1 month,15.5,6
a7aa30c2-5342-11ec-a9bb-0242ac1c0002,6,1 month,16.0,6
a7aa3496-5342-11ec-a9bb-0242ac1c0002,6,1 month,20.0,6
a7aa35ae-5342-11ec-a9bb-0242ac1c0002,6,1 month,16.0,6
a7aa363a-5342-11ec-a9bb-0242ac1c0002,6,1 month,20.5,6
a7aa3752-5342-11ec-a9bb-0242ac1c0002,6,1 month,16.0,6
a7aa3860-5342-11ec-a9bb-0242ac1c0002,6,1 month,16.0,6
a7aa3a04-5342-11ec-a9bb-0242ac1c0002,6,1 month,20.0,6
a7afacb4-5342-11ec-a9bb-0242ac1c0002,5,1 month,61.5,6
a7afae9e-5342-11ec-a9bb-0242ac1c0002,5,1 month,16.5,6
a7afafca-5342-11ec-a9bb-0242ac1c0002,5,1 month,16.5,6
a7afb056-5342-11ec-a9bb-0242ac1c0002,5,1 month,21.0,6
a7afb894-5342-11ec-a9bb-0242ac1c0002,5,1 month,15.5,6
a7afbb3c-5342-11ec-a9bb-0242ac1c0002,5,1 month,15.5,6
a7afbdb2-5342-11ec-a9bb-0242ac1c0002,5,1 month,16.0,6
a7afc172-5342-11ec-a9bb-0242ac1c0002,5,1 month,17.0,6
a7afc316-5342-11ec-a9bb-0242ac1c0002,5,1 month,15.5,6
a7afc398-5342-11ec-a9bb-0242ac1c0002,5,1 month,16.5,6
a7afc5be-5342-11ec-a9bb-0242ac1c0002,5,1 month,45.0,6
a7afc8fc-5342-11ec-a9bb-0242ac1c0002,5,1 month,23.5,6
a7afc988-5342-11ec-a9bb-0242ac1c0002,5,1 month,16.0,6
a7afccc6-5342-11ec-a9bb-0242ac1c0002,5,1 month,19.0,6
a7afcece-5342-11ec-a9bb-0242ac1c0002,5,1 month,16.5,6
a7afd4aa-5342-11ec-a9bb-0242ac1c0002,5,1 month,16.5,6
a7afd75c-5342-11ec-a9bb-0242ac1c0002,5,1 month,36.5,6
a7afd8ec-5342-11ec-a9bb-0242ac1c0002,5,1 month,16.0,6
a7afd96e-5342-11ec-a9bb-0242ac1c0002,5,1 month,24.0,6
a7afd9fa-5342-11ec-a9bb-0242ac1c0002,5,1 month,16.0,6
a7afdcac-5342-11ec-a9bb-0242ac1c0002,5,1 month,29.0,6
a7afde5a-5342-11ec-a9bb-0242ac1c0002,5,1 month,37.0,6
a7afdff4-5342-11ec-a9bb-0242ac1c0002,5,1 month,40.5,6
a7afe080-5342-11ec-a9bb-0242ac1c0002,5,1 month,20.5,6
a7afe47c-5342-11ec-a9bb-0242ac1c0002,5,1 month,15.5,6
a7afe95e-5342-11ec-a9bb-0242ac1c0002,5,1 month,16.0,6
a7aff05c-5342-11ec-a9bb-0242ac1c0002,5,1 month,16.0,6
a7aff0e8-5342-11ec-a9bb-0242ac1c0002,5,1 month,44.5,6
a7aff37c-5342-11ec-a9bb-0242ac1c0002,5,1 month,15.5,6
a7aff520-5342-11ec-a9bb-0242ac1c0002,5,1 month,20.0,6
a7aff7be-5342-11ec-a9bb-0242ac1c0002,5,1 month,16.0,6
a7aff89a-5342-11ec-a9bb-0242ac1c0002,5,1 month,16.5,6
a7aff930-5342-11ec-a9bb-0242ac1c0002,5,1 month,16.5,6
a7affc64-5342-11ec-a9bb-0242ac1c0002,5,1 month,20.0,6
a7affdf4-5342-11ec-a9bb-0242ac1c0002,5,1 month,16.5,6
a7b00088-5342-11ec-a9bb-0242ac1c0002,5,1 month,16.0,6
a7b00362-5342-11ec-a9bb-0242ac1c0002,5,1 month,16.0,6
a7b0057e-5342-11ec-a9bb-0242ac1c0002,5,1 month,20.5,6
a7b00682-5342-11ec-a9bb-0242ac1c0002,5,1 month,15.5,6
a7b0070e-5342-11ec-a9bb-0242ac1c0002,5,1 month,20.5,6
a7b00b0a-5342-11ec-a9bb-0242ac1c0002,5,1 month,16.5,6
a7b00b8c-5342-11ec-a9bb-0242ac1c0002,5,1 month,15.5,6
a7b00cb8-5342-11ec-a9bb-0242ac1c0002,5,1 month,36.5,6
a7b00e5c-5342-11ec-a9bb-0242ac1c0002,5,1 month,24.0,6
a7b00fec-5342-11ec-a9bb-0242ac1c0002,5,1 month,16.5,6
a7b014ce-5342-11ec-a9bb-0242ac1c0002,5,1 month,16.0,6
a7b016e0-5342-11ec-a9bb-0242ac1c0002,5,24 months,16.0,6
a7b017e4-5342-11ec-a9bb-0242ac1c0002,5,1 month,16.5,6
a7b01a00-5342-11ec-a9bb-0242ac1c0002,5,1 month,20.5,6
a7b01b0e-5342-11ec-a9bb-0242ac1c0002,5,1 month,16.0,6
a7b01c12-5342-11ec-a9bb-0242ac1c0002,5,1 month,36.5,6
a7b01c9e-5342-11ec-a9bb-0242ac1c0002,5,1 month,16.0,6
a7b0239c-5342-11ec-a9bb-0242ac1c0002,5,1 month,19.5,6
a7b0264e-5342-11ec-a9bb-0242ac1c0002,5,24 months,16.5,6
a7b026f8-5342-11ec-a9bb-0242ac1c0002,5,1 month,20.0,6
a7b02a9a-5342-11ec-a9bb-0242ac1c0002,5,1 month,16.0,6
a7b02c2a-5342-11ec-a9bb-0242ac1c0002,5,1 month,16.0,6
a7b032ce-5342-11ec-a9bb-0242ac1c0002,5,1 month,24.5,6
a7b03364-5342-11ec-a9bb-0242ac1c0002,5,1 month,28.5,6
a7b034ea-5342-11ec-a9bb-0242ac1c0002,5,1 month,37.5,6
a7b0380a-5342-11ec-a9bb-0242ac1c0002,5,1 month,20.5,6
a7b0388c-5342-11ec-a9bb-0242ac1c0002,5,1 month,16.5,6
a7b039cc-5342-11ec-a9bb-0242ac1c0002,5,1 month,24.5,6
a7b03d82-5342-11ec-a9bb-0242ac1c0002,5,1 month,16.0,6
a7b042be-5342-11ec-a9bb-0242ac1c0002,5,1 month,15.5,6
a7b04340-5342-11ec-a9bb-0242ac1c0002,5,1 month,16.0,6
a7b043c2-5342-11ec-a9bb-0242ac1c0002,5,1 month,32.0,6
a7b64934-5342-11ec-a9bb-0242ac1c0002,4,1 month,23.5,6
a7b649ca-5342-11ec-a9bb-0242ac1c0002,4,1 month,16.0,6
a7b64a60-5342-11ec-a9bb-0242ac1c0002,4,1 month,40.5,6
a7b64bd2-5342-11ec-a9bb-0242ac1c0002,4,1 month,20.5,6
a7b64d8a-5342-11ec-a9bb-0242ac1c0002,4,1 month,20.0,6
a7b64f38-5342-11ec-a9bb-0242ac1c0002,4,1 month,24.0,6
a7b64fc4-5342-11ec-a9bb-0242ac1c0002,4,1 month,24.5,6
a7b65050-5342-11ec-a9bb-0242ac1c0002,4,1 month,73.5,6
a7b651f4-5342-11ec-a9bb-0242ac1c0002,4,1 month,16.0,6
a7b653a2-5342-11ec-a9bb-0242ac1c0002,4,1 month,19.5,6
a7b655d2-5342-11ec-a9bb-0242ac1c0002,4,1 month,39.5,6
a7b6580c-5342-11ec-a9bb-0242ac1c0002,4,1 month,16.0,6
a7b6588e-5342-11ec-a9bb-0242ac1c0002,4,1 month,16.0,6
a7b659a6-5342-11ec-a9bb-0242ac1c0002,4,1 month,15.5,6
a7b65d20-5342-11ec-a9bb-0242ac1c0002,4,1 month,17.0,6
a7b65f1e-5342-11ec-a9bb-0242ac1c0002,4,1 month,20.0,6
a7b6602c-5342-11ec-a9bb-0242ac1c0002,4,1 month,20.0,6
a7b661e4-5342-11ec-a9bb-0242ac1c0002,4,24 months (first gen),16.5,6
a7b6687e-5342-11ec-a9bb-0242ac1c0002,4,1 month,15.5,6
a7b66a18-5342-11ec-a9bb-0242ac1c0002,4,1 month,16.0,6
a7b66aae-5342-11ec-a9bb-0242ac1c0002,4,1 month,16.0,6
a7b66c52-5342-11ec-a9bb-0242ac1c0002,4,1 month,73.5,6
a7b66cd4-5342-11ec-a9bb-0242ac1c0002,4,1 month,15.5,6
a7b66d60-5342-11ec-a9bb-0242ac1c0002,4,1 month,20.5,6
a7b66dec-5342-11ec-a9bb-0242ac1c0002,4,1 month,16.5,6
a7b6701c-5342-11ec-a9bb-0242ac1c0002,4,24 months,16.5,6
a7b6738c-5342-11ec-a9bb-0242ac1c0002,4,1 month,37.5,6
a7b675b2-5342-11ec-a9bb-0242ac1c0002,4,1 month,40.5,6
a7b676c0-5342-11ec-a9bb-0242ac1c0002,4,1 month,20.0,6
a7b677d8-5342-11ec-a9bb-0242ac1c0002,4,1 month,16.5,6
a7b67904-5342-11ec-a9bb-0242ac1c0002,4,1 month,16.0,6
a7b67a12-5342-11ec-a9bb-0242ac1c0002,4,1 month,20.0,6
a7b67b2a-5342-11ec-a9bb-0242ac1c0002,4,1 month,16.0,6
a7b67bb6-5342-11ec-a9bb-0242ac1c0002,4,1 month,37.0,6
a7b67d50-5342-11ec-a9bb-0242ac1c0002,4,1 month,28.5,6
a7b67eea-5342-11ec-a9bb-0242ac1c0002,4,1 month,16.0,6
a7b67ff8-5342-11ec-a9bb-0242ac1c0002,4,1 month,16.5,6
a7b68084-5342-11ec-a9bb-0242ac1c0002,4,1 month,20.0,6
a7b6816a-5342-11ec-a9bb-0242ac1c0002,4,1 month,15.5,6
a7b6820a-5342-11ec-a9bb-0242ac1c0002,4,1 month,19.5,6
a7b6843a-5342-11ec-a9bb-0242ac1c0002,4,1 month,24.0,6
a7b684bc-5342-11ec-a9bb-0242ac1c0002,4,1 month,16.0,6
a7b68552-5342-11ec-a9bb-0242ac1c0002,4,1 month,15.5,6
a7b68660-5342-11ec-a9bb-0242ac1c0002,4,1 month,44.0,6
a7b687fa-5342-11ec-a9bb-0242ac1c0002,4,1 month,16.5,6
a7b68b2e-5342-11ec-a9bb-0242ac1c0002,4,1 month,16.0,6
a7b68bba-5342-11ec-a9bb-0242ac1c0002,4,1 month,41.0,6
a7b68c46-5342-11ec-a9bb-0242ac1c0002,4,1 month,16.5,6
a7b68f7a-5342-11ec-a9bb-0242ac1c0002,4,1 month,15.5,6
a7b68ffc-5342-11ec-a9bb-0242ac1c0002,4,1 month,36.5,6
a7b6907e-5342-11ec-a9bb-0242ac1c0002,4,24 months,16.0,6
a7b6910a-5342-11ec-a9bb-0242ac1c0002,4,1 month,15.5,6
a7b69222-5342-11ec-a9bb-0242ac1c0002,4,24 months,16.0,6
a7b692ae-5342-11ec-a9bb-0242ac1c0002,4,24 months (first gen),16.5,6
a7b69556-5342-11ec-a9bb-0242ac1c0002,4,1 month,16.0,6
a7b695d8-5342-11ec-a9bb-0242ac1c0002,4,1 month,24.5,6
a7b69664-5342-11ec-a9bb-0242ac1c0002,4,1 month,15.5,6
a7b69b14-5342-11ec-a9bb-0242ac1c0002,4,1 month,37.0,6
a7b69dc6-5342-11ec-a9bb-0242ac1c0002,4,1 month,45.0,6
a7b6a078-5342-11ec-a9bb-0242ac1c0002,4,1 month,16.0,6
a7b6a104-5342-11ec-a9bb-0242ac1c0002,4,1 month,36.0,6
a7b6a32a-5342-11ec-a9bb-0242ac1c0002,4,1 month,16.0,6
a7b6a3b6-5342-11ec-a9bb-0242ac1c0002,4,1 month,16.5,6
a7b6a668-5342-11ec-a9bb-0242ac1c0002,4,1 month,16.0,6
a7b6a6f4-5342-11ec-a9bb-0242ac1c0002,4,1 month,20.0,6
a7b6ac26-5342-11ec-a9bb-0242ac1c0002,4,1 month,61.0,6
a7b6ad34-5342-11ec-a9bb-0242ac1c0002,4,24 months,16.0,6
a7b6adc0-5342-11ec-a9bb-0242ac1c0002,4,1 month,15.5,6
a7b6b32e-5342-11ec-a9bb-0242ac1c0002,4,1 month,16.5,6
a7b6b3ba-5342-11ec-a9bb-0242ac1c0002,4,1 month,16.5,6
a7b6b59a-5342-11ec-a9bb-0242ac1c0002,4,1 month,16.5,6
a7b6b6a8-5342-11ec-a9bb-0242ac1c0002,4,1 month,58.0,6
a7b6b734-5342-11ec-a9bb-0242ac1c0002,4,1 month,81.5,6
a7b6b84c-5342-11ec-a9bb-0242ac1c0002,4,1 month,16.0,6
a7b6ba4a-5342-11ec-a9bb-0242ac1c0002,4,1 month,16.0,6
a7b6bc7a-5342-11ec-a9bb-0242ac1c0002,4,1 month,16.0,6
a7b6bd06-5342-11ec-a9bb-0242ac1c0002,4,1 month,16.5,6
a7b6bf18-5342-11ec-a9bb-0242ac1c0002,4,24 months,15.0,6
a7b6c0da-5342-11ec-a9bb-0242ac1c0002,4,1 month,16.5,6
a7b6c300-5342-11ec-a9bb-0242ac1c0002,4,1 month,15.5,6
a7b6c3aa-5342-11ec-a9bb-0242ac1c0002,4,1 month,25.5,6
a7b6c42c-5342-11ec-a9bb-0242ac1c0002,4,1 month,37.0,6
a7b6c4b8-5342-11ec-a9bb-0242ac1c0002,4,1 month,16.0,6
a7b6c648-5342-11ec-a9bb-0242ac1c0002,4,1 month,29.5,6
a7b6c8e6-5342-11ec-a9bb-0242ac1c0002,4,1 month,19.5,6
a7b6c97c-5342-11ec-a9bb-0242ac1c0002,4,1 month,19.5,6
a7b6cb0c-5342-11ec-a9bb-0242ac1c0002,4,1 month,16.5,6
a7b6cb8e-5342-11ec-a9bb-0242ac1c0002,4,1 month,16.5,6
a7b6ccc4-5342-11ec-a9bb-0242ac1c0002,4,1 month,56.5,6
a7b6cd50-5342-11ec-a9bb-0242ac1c0002,4,1 month,24.0,6
a7b6cdd2-5342-11ec-a9bb-0242ac1c0002,4,1 month,20.5,6
a7b6ce54-5342-11ec-a9bb-0242ac1c0002,4,1 month,16.5,6
a7b6d156-5342-11ec-a9bb-0242ac1c0002,4,1 month,16.0,6
a7b6d1e2-5342-11ec-a9bb-0242ac1c0002,4,1 month,57.0,6
a7b6d26e-5342-11ec-a9bb-0242ac1c0002,4,1 month,16.0,6
a7b6d37c-5342-11ec-a9bb-0242ac1c0002,4,1 month,20.0,6
a7b6d750-5342-11ec-a9bb-0242ac1c0002,4,1 month,16.5,6
a7b6d8ea-5342-11ec-a9bb-0242ac1c0002,4,1 month,17.0,6
a7bd2524-5342-11ec-a9bb-0242ac1c0002,3,1 month,16.0,6
a7bd25c4-5342-11ec-a9bb-0242ac1c0002,3,1 month,20.5,6
a7bd2772-5342-11ec-a9bb-0242ac1c0002,3,1 month,15.5,6
a7bd27fe-5342-11ec-a9bb-0242ac1c0002,3,1 month,16.0,6
a7bd2894-5342-11ec-a9bb-0242ac1c0002,3,1 month,63.5,6
a7bd2b3c-5342-11ec-a9bb-0242ac1c0002,3,1 month,16.5,6
a7bd2d62-5342-11ec-a9bb-0242ac1c0002,3,1 month,36.0,6
a7bd2dee-5342-11ec-a9bb-0242ac1c0002,3,1 month,60.0,6
a7bd2e7a-5342-11ec-a9bb-0242ac1c0002,3,1 month,16.0,6
a7bd2f06-5342-11ec-a9bb-0242ac1c0002,3,1 month,40.5,6
a7bd324e-5342-11ec-a9bb-0242ac1c0002,3,1 month,56.0,6
a7bd33de-5342-11ec-a9bb-0242ac1c0002,3,1 month,71.5,6
a7bd346a-5342-11ec-a9bb-0242ac1c0002,3,1 month,35.5,6
a7bd3f32-5342-11ec-a9bb-0242ac1c0002,3,1 month,36.5,6
a7bd3fb4-5342-11ec-a9bb-0242ac1c0002,3,1 month,36.0,6
a7bd40c2-5342-11ec-a9bb-0242ac1c0002,3,1 month,16.0,6
a7bd4158-5342-11ec-a9bb-0242ac1c0002,3,24 months,16.0,6
a7bd41da-5342-11ec-a9bb-0242ac1c0002,3,1 month,37.0,6
a7bd42f2-5342-11ec-a9bb-0242ac1c0002,3,1 month,77.0,6
a7bd4400-5342-11ec-a9bb-0242ac1c0002,3,1 month,57.0,6
a7bd448c-5342-11ec-a9bb-0242ac1c0002,3,1 month,56.5,6
a7bd47b6-5342-11ec-a9bb-0242ac1c0002,3,1 month,37.0,6
a7bd4842-5342-11ec-a9bb-0242ac1c0002,3,1 month,37.0,6
a7bd49d2-5342-11ec-a9bb-0242ac1c0002,3,1 month,56.0,6
a7bd4ae0-5342-11ec-a9bb-0242ac1c0002,3,1 month,60.5,6
a7bd4b62-5342-11ec-a9bb-0242ac1c0002,3,1 month,44.5,6
a7bd4d06-5342-11ec-a9bb-0242ac1c0002,3,1 month,56.0,6
a7bd4f36-5342-11ec-a9bb-0242ac1c0002,3,1 month,15.5,6
a7bd5116-5342-11ec-a9bb-0242ac1c0002,3,1 month,37.0,6
a7bd51a2-5342-11ec-a9bb-0242ac1c0002,3,1 month,16.5,6
a7bd5454-5342-11ec-a9bb-0242ac1c0002,3,1 month,16.0,6
a7bd560c-5342-11ec-a9bb-0242ac1c0002,3,1 month,57.0,6
a7bd568e-5342-11ec-a9bb-0242ac1c0002,3,1 month,16.0,6
a7bd57a6-5342-11ec-a9bb-0242ac1c0002,3,1 month,56.5,6
a7bd58aa-5342-11ec-a9bb-0242ac1c0002,3,1 month,56.5,6
a7bd59b8-5342-11ec-a9bb-0242ac1c0002,3,1 month,24.5,6
a7bd5a3a-5342-11ec-a9bb-0242ac1c0002,3,1 month,20.0,6
a7bd5ac6-5342-11ec-a9bb-0242ac1c0002,3,1 month,28.5,6
a7bd5bd4-5342-11ec-a9bb-0242ac1c0002,3,1 month,28.5,6
a7bd5d64-5342-11ec-a9bb-0242ac1c0002,3,1 month,15.5,6
a7bd5f58-5342-11ec-a9bb-0242ac1c0002,3,1 month,44.5,6
a7bd60fc-5342-11ec-a9bb-0242ac1c0002,3,1 month,16.0,6
a7bd6188-5342-11ec-a9bb-0242ac1c0002,3,1 month,60.5,6
a7bd65ca-5342-11ec-a9bb-0242ac1c0002,3,1 month,36.0,6
a7bd6a48-5342-11ec-a9bb-0242ac1c0002,3,1 month,45.0,6
a7bd6ad4-5342-11ec-a9bb-0242ac1c0002,3,1 month,37.0,6
a7bd6b56-5342-11ec-a9bb-0242ac1c0002,3,1 month,16.0,6
a7bd6be2-5342-11ec-a9bb-0242ac1c0002,3,1 month,40.5,6
a7bd6cf0-5342-11ec-a9bb-0242ac1c0002,3,1 month,36.5,6
a7bd6dfe-5342-11ec-a9bb-0242ac1c0002,3,1 month,44.5,6
a7bd6f02-5342-11ec-a9bb-0242ac1c0002,3,1 month,36.5,6
a7bd6f84-5342-11ec-a9bb-0242ac1c0002,3,1 month,16.0,6
a7bd7010-5342-11ec-a9bb-0242ac1c0002,3,1 month,16.0,6
a7bd70ba-5342-11ec-a9bb-0242ac1c0002,3,1 month,15.5,6
a7bd71be-5342-11ec-a9bb-0242ac1c0002,3,1 month,20.0,6
a7bd72cc-5342-11ec-a9bb-0242ac1c0002,3,1 month,15.5,6
a7bd7358-5342-11ec-a9bb-0242ac1c0002,3,1 month,61.5,6
a7bd73e4-5342-11ec-a9bb-0242ac1c0002,3,1 month,16.0,6
a7bd75f6-5342-11ec-a9bb-0242ac1c0002,3,1 month,29.0,6
a7bd7678-5342-11ec-a9bb-0242ac1c0002,3,1 month,16.0,6
a7bd7704-5342-11ec-a9bb-0242ac1c0002,3,1 month,17.0,6
a7bd77c2-5342-11ec-a9bb-0242ac1c0002,3,1 month,15.5,6
a7bd78d0-5342-11ec-a9bb-0242ac1c0002,3,1 month,15.5,6
a7bd7a92-5342-11ec-a9bb-0242ac1c0002,3,1 month,57.0,6
a7bd7ca4-5342-11ec-a9bb-0242ac1c0002,3,1 month,16.5,6
a7bd7e3e-5342-11ec-a9bb-0242ac1c0002,3,1 month,16.0,6
a7bd8050-5342-11ec-a9bb-0242ac1c0002,3,1 month,16.5,6
a7bd8316-5342-11ec-a9bb-0242ac1c0002,3,1 month,17.0,6
a7bd8438-5342-11ec-a9bb-0242ac1c0002,3,1 month,20.5,6
a7bd853c-5342-11ec-a9bb-0242ac1c0002,3,1 month,16.0,6
a7bd8604-5342-11ec-a9bb-0242ac1c0002,3,1 month,44.5,6
a7bd869a-5342-11ec-a9bb-0242ac1c0002,3,1 month,19.5,6
a7bd871c-5342-11ec-a9bb-0242ac1c0002,3,1 month,16.5,6
a7bd879e-5342-11ec-a9bb-0242ac1c0002,3,1 month,56.5,6
a7bd8820-5342-11ec-a9bb-0242ac1c0002,3,1 month,44.5,6
a7bd8924-5342-11ec-a9bb-0242ac1c0002,3,1 month,28.5,6
a7bd89a6-5342-11ec-a9bb-0242ac1c0002,3,1 month,16.0,6
a7bd8a32-5342-11ec-a9bb-0242ac1c0002,3,1 month,20.5,6
a7bd8bcc-5342-11ec-a9bb-0242ac1c0002,3,1 month,16.0,6
a7bd8c76-5342-11ec-a9bb-0242ac1c0002,3,1 month,16.0,6
a7bd8cf8-5342-11ec-a9bb-0242ac1c0002,3,1 month,16.0,6
a7bd8f82-5342-11ec-a9bb-0242ac1c0002,3,1 month,16.0,6
a7bd9090-5342-11ec-a9bb-0242ac1c0002,3,1 month,24.5,6
a7bd919e-5342-11ec-a9bb-0242ac1c0002,3,1 month,16.0,6
a7bd93a6-5342-11ec-a9bb-0242ac1c0002,3,1 month,15.5,6
a7bd9432-5342-11ec-a9bb-0242ac1c0002,3,1 month,57.0,6
a7bd94b4-5342-11ec-a9bb-0242ac1c0002,3,1 month,17.0,6
a7bd9658-5342-11ec-a9bb-0242ac1c0002,3,1 month,17.0,6
a7c40f6a-5342-11ec-a9bb-0242ac1c0002,2,1 month,69.5,6
a7c41014-5342-11ec-a9bb-0242ac1c0002,2,1 month,16.0,6
a7c410b4-5342-11ec-a9bb-0242ac1c0002,2,1 month,16.0,6
a7c411d6-5342-11ec-a9bb-0242ac1c0002,2,1 month,77.5,6
a7c4126c-5342-11ec-a9bb-0242ac1c0002,2,1 month,15.5,6
a7c412f8-5342-11ec-a9bb-0242ac1c0002,2,1 month,17.0,6
a7c41406-5342-11ec-a9bb-0242ac1c0002,2,1 month,29.5,6
a7c41492-5342-11ec-a9bb-0242ac1c0002,2,1 month,37.0,6
a7c416ea-5342-11ec-a9bb-0242ac1c0002,2,1 month,57.0,6
a7c418a2-5342-11ec-a9bb-0242ac1c0002,2,1 month,36.5,6
a7c4197e-5342-11ec-a9bb-0242ac1c0002,2,1 month,56.5,6
a7c41af0-5342-11ec-a9bb-0242ac1c0002,2,1 month,60.5,6
a7c41b7c-5342-11ec-a9bb-0242ac1c0002,2,1 month,36.5,6
a7c41c08-5342-11ec-a9bb-0242ac1c0002,2,1 month,60.5,6
a7c41c94-5342-11ec-a9bb-0242ac1c0002,2,1 month,28.5,6
a7c41db6-5342-11ec-a9bb-0242ac1c0002,2,1 month,57.0,6
a7c41e38-5342-11ec-a9bb-0242ac1c0002,2,1 month,16.5,6
a7c41ec4-5342-11ec-a9bb-0242ac1c0002,2,1 month,73.5,6
a7c41f50-5342-11ec-a9bb-0242ac1c0002,2,1 month,28.0,6
a7c41fd2-5342-11ec-a9bb-0242ac1c0002,2,1 month,16.0,6
a7c4205e-5342-11ec-a9bb-0242ac1c0002,2,1 month,60.0,6
a7c420e0-5342-11ec-a9bb-0242ac1c0002,2,1 month,15.5,6
a7c421f8-5342-11ec-a9bb-0242ac1c0002,2,1 month,16.0,6
a7c42284-5342-11ec-a9bb-0242ac1c0002,2,1 month,36.0,6
a7c42306-5342-11ec-a9bb-0242ac1c0002,2,1 month,36.0,6
a7c42392-5342-11ec-a9bb-0242ac1c0002,2,1 month,37.5,6
a7c424aa-5342-11ec-a9bb-0242ac1c0002,2,1 month,20.5,6
a7c425cc-5342-11ec-a9bb-0242ac1c0002,2,1 month,48.5,6
a7c4264e-5342-11ec-a9bb-0242ac1c0002,2,1 month,20.5,6
a7c426da-5342-11ec-a9bb-0242ac1c0002,2,1 month,20.0,6
a7c427de-5342-11ec-a9bb-0242ac1c0002,2,1 month,20.5,6
a7c4286a-5342-11ec-a9bb-0242ac1c0002,2,1 month,16.5,6
a7c42982-5342-11ec-a9bb-0242ac1c0002,2,1 month,15.5,6
a7c42a86-5342-11ec-a9bb-0242ac1c0002,2,1 month,16.5,6
a7c42b12-5342-11ec-a9bb-0242ac1c0002,2,1 month,16.0,6
a7c42c2a-5342-11ec-a9bb-0242ac1c0002,2,24 months,16.5,6
a7c42d42-5342-11ec-a9bb-0242ac1c0002,2,1 month,48.5,6
a7c42dce-5342-11ec-a9bb-0242ac1c0002,2,1 month,35.5,6
a7c42edc-5342-11ec-a9bb-0242ac1c0002,2,1 month,64.5,6
a7c42f5e-5342-11ec-a9bb-0242ac1c0002,2,1 month,40.5,6
a7c42fe0-5342-11ec-a9bb-0242ac1c0002,2,1 month,20.0,6
a7c4306c-5342-11ec-a9bb-0242ac1c0002,2,1 month,15.5,6
a7c430ee-5342-11ec-a9bb-0242ac1c0002,2,1 month,16.0,6
a7c4317a-5342-11ec-a9bb-0242ac1c0002,2,1 month,56.5,6
a7c431fc-5342-11ec-a9bb-0242ac1c0002,2,1 month,35.5,6
a7c43418-5342-11ec-a9bb-0242ac1c0002,2,1 month,64.5,6
a7c4349a-5342-11ec-a9bb-0242ac1c0002,2,1 month,16.5,6
a7c43526-5342-11ec-a9bb-0242ac1c0002,2,1 month,61.5,6
a7c435a8-5342-11ec-a9bb-0242ac1c0002,2,1 month,62.0,6
a7c436c0-5342-11ec-a9bb-0242ac1c0002,2,1 month,43.5,6
a7c437ce-5342-11ec-a9bb-0242ac1c0002,2,1 month,15.5,6
a7c4385a-5342-11ec-a9bb-0242ac1c0002,2,1 month,16.5,6
a7c43972-5342-11ec-a9bb-0242ac1c0002,2,1 month,15.5,6
a7c439f4-5342-11ec-a9bb-0242ac1c0002,2,1 month,61.0,6
a7c43a76-5342-11ec-a9bb-0242ac1c0002,2,1 month,16.0,6
a7c43cf6-5342-11ec-a9bb-0242ac1c0002,2,1 month,15.5,6
a7c43e90-5342-11ec-a9bb-0242ac1c0002,2,1 month,64.0,6
a7c43f1c-5342-11ec-a9bb-0242ac1c0002,2,1 month,15.5,6
a7c43fa8-5342-11ec-a9bb-0242ac1c0002,2,1 month,16.0,6
a7c4403e-5342-11ec-a9bb-0242ac1c0002,2,1 month,68.5,6
a7c440ca-5342-11ec-a9bb-0242ac1c0002,2,1 month,49.5,6
a7c44156-5342-11ec-a9bb-0242ac1c0002,2,1 month,16.5,6
a7c44214-5342-11ec-a9bb-0242ac1c0002,2,1 month,16.0,6
a7c442a0-5342-11ec-a9bb-0242ac1c0002,2,1 month,56.5,6
a7c4432c-5342-11ec-a9bb-0242ac1c0002,2,1 month,16.0,6
a7c4443a-5342-11ec-a9bb-0242ac1c0002,2,1 month,37.0,6
a7c444bc-5342-11ec-a9bb-0242ac1c0002,2,1 month,16.0,6
a7c445d4-5342-11ec-a9bb-0242ac1c0002,2,1 month,64.5,6
a7c44656-5342-11ec-a9bb-0242ac1c0002,2,1 month,15.5,6
a7c44868-5342-11ec-a9bb-0242ac1c0002,2,1 month,16.0,6
a7c448f4-5342-11ec-a9bb-0242ac1c0002,2,1 month,56.5,6
a7c44980-5342-11ec-a9bb-0242ac1c0002,2,1 month,15.5,6
a7c44a0c-5342-11ec-a9bb-0242ac1c0002,2,1 month,16.5,6
a7c44a8e-5342-11ec-a9bb-0242ac1c0002,2,24 months,16.0,6
a7c44b9c-5342-11ec-a9bb-0242ac1c0002,2,1 month,41.0,6
a7c44d2c-5342-11ec-a9bb-0242ac1c0002,2,1 month,16.0,6
a7c44e3a-5342-11ec-a9bb-0242ac1c0002,2,1 month,20.0,6
a7c44ec6-5342-11ec-a9bb-0242ac1c0002,2,1 month,40.5,6
a7c44f48-5342-11ec-a9bb-0242ac1c0002,2,1 month,20.5,6
a7c44fd4-5342-11ec-a9bb-0242ac1c0002,2,1 month,28.5,6
a7c450e2-5342-11ec-a9bb-0242ac1c0002,2,1 month,56.5,6
a7c451f0-5342-11ec-a9bb-0242ac1c0002,2,24 months,16.5,6
a7c4527c-5342-11ec-a9bb-0242ac1c0002,2,1 month,56.5,6
a7c452fe-5342-11ec-a9bb-0242ac1c0002,2,1 month,16.5,6
a7c45380-5342-11ec-a9bb-0242ac1c0002,2,1 month,69.0,6
a7c45416-5342-11ec-a9bb-0242ac1c0002,2,1 month,59.5,6
a7c454a2-5342-11ec-a9bb-0242ac1c0002,2,1 month,57.0,6
a7c45524-5342-11ec-a9bb-0242ac1c0002,2,1 month,20.5,6
a7c455b0-5342-11ec-a9bb-0242ac1c0002,2,1 month,45.0,6
a7c45632-5342-11ec-a9bb-0242ac1c0002,2,1 month,45.0,6
a7c45740-5342-11ec-a9bb-0242ac1c0002,2,1 month,16.0,6
a7c457cc-5342-11ec-a9bb-0242ac1c0002,2,1 month,57.0,6
a7c458da-5342-11ec-a9bb-0242ac1c0002,2,1 month,57.0,6
a7c45a7e-5342-11ec-a9bb-0242ac1c0002,2,1 month,16.0,6
a7c45b00-5342-11ec-a9bb-0242ac1c0002,2,1 month,37.5,6
a7c45b8c-5342-11ec-a9bb-0242ac1c0002,2,1 month,16.5,6
a7c45c9a-5342-11ec-a9bb-0242ac1c0002,2,1 month,36.5,6
a7c45da8-5342-11ec-a9bb-0242ac1c0002,2,1 month,20.5,6
a7c45e34-5342-11ec-a9bb-0242ac1c0002,2,1 month,16.0,6
a7c45ec0-5342-11ec-a9bb-0242ac1c0002,2,1 month,28.0,6
a7c45f42-5342-11ec-a9bb-0242ac1c0002,2,1 month,41.0,6
a7c461e0-5342-11ec-a9bb-0242ac1c0002,2,1 month,61.5,6
a7c4626c-5342-11ec-a9bb-0242ac1c0002,2,1 month,57.5,6
a7c464c4-5342-11ec-a9bb-0242ac1c0002,2,1 month,25.5,6
a7c465dc-5342-11ec-a9bb-0242ac1c0002,2,1 month,45.0,6
a7c466e0-5342-11ec-a9bb-0242ac1c0002,2,1 month,16.0,6
a7c46762-5342-11ec-a9bb-0242ac1c0002,2,1 month,16.0,6
a7c467ee-5342-11ec-a9bb-0242ac1c0002,2,1 month,36.5,6
a7c46924-5342-11ec-a9bb-0242ac1c0002,2,1 month,56.0,6
a7c46a3c-5342-11ec-a9bb-0242ac1c0002,2,1 month,20.5,6
a7c46bcc-5342-11ec-a9bb-0242ac1c0002,2,1 month,41.0,6
a7c46c58-5342-11ec-a9bb-0242ac1c0002,2,1 month,57.5,6
a7c46cda-5342-11ec-a9bb-0242ac1c0002,2,1 month,75.5,6
a7c46d84-5342-11ec-a9bb-0242ac1c0002,2,1 month,56.5,6
a7c46e06-5342-11ec-a9bb-0242ac1c0002,2,1 month,56.0,6
a7c46f32-5342-11ec-a9bb-0242ac1c0002,2,1 month,16.5,6
a7c46fb4-5342-11ec-a9bb-0242ac1c0002,2,1 month,16.5,6
a7c47036-5342-11ec-a9bb-0242ac1c0002,2,1 month,16.5,6
a7c470c2-5342-11ec-a9bb-0242ac1c0002,2,1 month,39.5,6
a7c4714e-5342-11ec-a9bb-0242ac1c0002,2,1 month,40.5,6
a7c471da-5342-11ec-a9bb-0242ac1c0002,2,1 month,64.5,6
a7c4725c-5342-11ec-a9bb-0242ac1c0002,2,1 month,20.0,6
a7c472de-5342-11ec-a9bb-0242ac1c0002,2,1 month,16.5,6
a7c47360-5342-11ec-a9bb-0242ac1c0002,2,1 month,28.0,6
a7c474f0-5342-11ec-a9bb-0242ac1c0002,2,1 month,15.5,6
a7c47572-5342-11ec-a9bb-0242ac1c0002,2,1 month,64.0,6
a7c475fe-5342-11ec-a9bb-0242ac1c0002,2,1 month,16.0,6
a7c476a8-5342-11ec-a9bb-0242ac1c0002,2,1 month,16.5,6
a7c477b6-5342-11ec-a9bb-0242ac1c0002,2,1 month,56.5,6
a7c47842-5342-11ec-a9bb-0242ac1c0002,2,1 month,16.0,6
a7c478c4-5342-11ec-a9bb-0242ac1c0002,2,1 month,16.5,6
a7c47946-5342-11ec-a9bb-0242ac1c0002,2,1 month,56.5,6
a7c479c8-5342-11ec-a9bb-0242ac1c0002,2,1 month,65.5,6
a7c47a4a-5342-11ec-a9bb-0242ac1c0002,2,1 month,16.5,6
a7c47b58-5342-11ec-a9bb-0242ac1c0002,2,1 month,34.5,6
a7c47cde-5342-11ec-a9bb-0242ac1c0002,2,1 month,15.5,6
a7c47d6a-5342-11ec-a9bb-0242ac1c0002,2,1 month,16.5,6
a7c47df6-5342-11ec-a9bb-0242ac1c0002,2,1 month,76.0,6
a7c47e82-5342-11ec-a9bb-0242ac1c0002,2,1 month,16.5,6
a7c47fae-5342-11ec-a9bb-0242ac1c0002,2,1 month,17.0,6
a7c48030-5342-11ec-a9bb-0242ac1c0002,2,1 month,19.0,6
a7c480b2-5342-11ec-a9bb-0242ac1c0002,2,1 month,76.5,6
a7c4813e-5342-11ec-a9bb-0242ac1c0002,2,1 month,41.5,6
a7c481c0-5342-11ec-a9bb-0242ac1c0002,2,1 month,36.0,6
a7c48242-5342-11ec-a9bb-0242ac1c0002,2,1 month,72.5,6
a7c48350-5342-11ec-a9bb-0242ac1c0002,2,1 month,24.0,6
a7c48468-5342-11ec-a9bb-0242ac1c0002,2,1 month,20.5,6
a7c484ea-5342-11ec-a9bb-0242ac1c0002,2,1 month,37.0,6
a7c48576-5342-11ec-a9bb-0242ac1c0002,2,1 month,36.5,6
a7c48706-5342-11ec-a9bb-0242ac1c0002,2,1 month,19.5,6
a7c4880a-5342-11ec-a9bb-0242ac1c0002,2,1 month,20.5,6
a7c48a44-5342-11ec-a9bb-0242ac1c0002,2,1 month,73.5,6
a7c48b66-5342-11ec-a9bb-0242ac1c0002,2,1 month,16.0,6
a7c48bf2-5342-11ec-a9bb-0242ac1c0002,2,1 month,16.5,6
a7c48c7e-5342-11ec-a9bb-0242ac1c0002,2,1 month,44.5,6
a7c48d0a-5342-11ec-a9bb-0242ac1c0002,2,1 month,43.5,6
a7c48d8c-5342-11ec-a9bb-0242ac1c0002,2,1 month,36.5,6
a7c48f1c-5342-11ec-a9bb-0242ac1c0002,2,1 month,28.5,6
a7c49052-5342-11ec-a9bb-0242ac1c0002,2,1 month,16.0,6
a7c490d4-5342-11ec-a9bb-0242ac1c0002,2,1 month,65.0,6
a7c49296-5342-11ec-a9bb-0242ac1c0002,2,1 month,68.5,6
a7c49322-5342-11ec-a9bb-0242ac1c0002,2,1 month,68.5,6
a7c493a4-5342-11ec-a9bb-0242ac1c0002,2,1 month,16.5,6
a7c494b2-5342-11ec-a9bb-0242ac1c0002,2,1 month,16.0,6
a7c49534-5342-11ec-a9bb-0242ac1c0002,2,1 month,39.5,6
a7c495c0-5342-11ec-a9bb-0242ac1c0002,2,1 month,56.5,6
a7c49746-5342-11ec-a9bb-0242ac1c0002,2,1 month,37.0,6
a7c497d2-5342-11ec-a9bb-0242ac1c0002,2,1 month,36.5,6
a7c4985e-5342-11ec-a9bb-0242ac1c0002,2,1 month,15.5,6
a7c498e0-5342-11ec-a9bb-0242ac1c0002,2,1 month,56.5,6
a7c499ee-5342-11ec-a9bb-0242ac1c0002,2,1 month,35.5,6
a7c49a7a-5342-11ec-a9bb-0242ac1c0002,2,1 month,37.0,6
a7c49afc-5342-11ec-a9bb-0242ac1c0002,2,1 month,24.0,6
a7c49c32-5342-11ec-a9bb-0242ac1c0002,2,1 month,36.0,6
a7c49cb4-5342-11ec-a9bb-0242ac1c0002,2,1 month,16.0,6
a7c49d36-5342-11ec-a9bb-0242ac1c0002,2,1 month,60.0,6
a7c49e44-5342-11ec-a9bb-0242ac1c0002,2,1 month,37.0,6
a7c49f5c-5342-11ec-a9bb-0242ac1c0002,2,1 month,16.5,6
a7c49fde-5342-11ec-a9bb-0242ac1c0002,2,1 month,15.5,6
a7c4a0ec-5342-11ec-a9bb-0242ac1c0002,2,1 month,15.5,6
a7c4a16e-5342-11ec-a9bb-0242ac1c0002,2,1 month,68.5,6
a7c4a27c-5342-11ec-a9bb-0242ac1c0002,2,1 month,28.5,6
a7c4a308-5342-11ec-a9bb-0242ac1c0002,2,1 month,77.5,6
a7c4a38a-5342-11ec-a9bb-0242ac1c0002,2,1 month,56.5,6
a7c4a416-5342-11ec-a9bb-0242ac1c0002,2,1 month,69.0,6
a7c4a4b6-5342-11ec-a9bb-0242ac1c0002,2,1 month,73.0,6
a7c4a54c-5342-11ec-a9bb-0242ac1c0002,2,1 month,59.0,6
a7c4a5d8-5342-11ec-a9bb-0242ac1c0002,2,24 months,16.0,6
a7c4a65a-5342-11ec-a9bb-0242ac1c0002,2,1 month,60.5,6
a7c4a6dc-5342-11ec-a9bb-0242ac1c0002,2,1 month,56.0,6
a7c4a7f4-5342-11ec-a9bb-0242ac1c0002,2,1 month,40.0,6
a7c4a876-5342-11ec-a9bb-0242ac1c0002,2,1 month,16.0,6
a7c4a93e-5342-11ec-a9bb-0242ac1c0002,2,1 month,24.0,6
a7c4aad8-5342-11ec-a9bb-0242ac1c0002,2,24 months,16.0,6
a7cb8632-5342-11ec-a9bb-0242ac1c0002,1,1 month,77.0,6
a7cb87b8-5342-11ec-a9bb-0242ac1c0002,1,1 month,40.5,6
a7cb886c-5342-11ec-a9bb-0242ac1c0002,1,1 month,35.0,6
a7cb890c-5342-11ec-a9bb-0242ac1c0002,1,1 month,56.0,6
a7cb89a2-5342-11ec-a9bb-0242ac1c0002,1,1 month,36.0,6
a7cb8a2e-5342-11ec-a9bb-0242ac1c0002,1,1 month,20.5,6
a7cb8ac4-5342-11ec-a9bb-0242ac1c0002,1,1 month,59.5,6
a7cb8b5a-5342-11ec-a9bb-0242ac1c0002,1,1 month,57.5,6
a7cb8be6-5342-11ec-a9bb-0242ac1c0002,1,1 month,16.0,6
a7cb8c72-5342-11ec-a9bb-0242ac1c0002,1,1 month,64.5,6
a7cb8cfe-5342-11ec-a9bb-0242ac1c0002,1,1 month,25.5,6
a7cb8d94-5342-11ec-a9bb-0242ac1c0002,1,1 month,36.5,6
a7cb8e20-5342-11ec-a9bb-0242ac1c0002,1,1 month,25.5,6
a7cb8eac-5342-11ec-a9bb-0242ac1c0002,1,1 month,41.0,6
a7cb8f38-5342-11ec-a9bb-0242ac1c0002,1,1 month,57.0,6
a7cb9104-5342-11ec-a9bb-0242ac1c0002,1,1 month,81.0,6
a7cb91e0-5342-11ec-a9bb-0242ac1c0002,1,1 month,16.5,6
a7cb92b2-5342-11ec-a9bb-0242ac1c0002,1,1 month,59.0,6
a7cb938e-5342-11ec-a9bb-0242ac1c0002,1,1 month,43.5,6
a7cb9438-5342-11ec-a9bb-0242ac1c0002,1,1 month,40.0,6
a7cb9500-5342-11ec-a9bb-0242ac1c0002,1,1 month,17.0,6
a7cb9596-5342-11ec-a9bb-0242ac1c0002,1,1 month,17.0,6
a7cb962c-5342-11ec-a9bb-0242ac1c0002,1,1 month,71.5,6
a7cb96b8-5342-11ec-a9bb-0242ac1c0002,1,1 month,36.5,6
a7cb9744-5342-11ec-a9bb-0242ac1c0002,1,1 month,15.5,6
a7cb97d0-5342-11ec-a9bb-0242ac1c0002,1,1 month,15.5,6
a7cb985c-5342-11ec-a9bb-0242ac1c0002,1,1 month,73.5,6
a7cb98e8-5342-11ec-a9bb-0242ac1c0002,1,1 month,60.0,6
a7cb9974-5342-11ec-a9bb-0242ac1c0002,1,1 month,72.0,6
a7cb99f6-5342-11ec-a9bb-0242ac1c0002,1,1 month,35.5,6
a7cb9a78-5342-11ec-a9bb-0242ac1c0002,1,1 month,35.5,6
a7cb9b04-5342-11ec-a9bb-0242ac1c0002,1,1 month,40.5,6
a7cb9b90-5342-11ec-a9bb-0242ac1c0002,1,1 month,16.0,6
a7cb9c1c-5342-11ec-a9bb-0242ac1c0002,1,1 month,72.5,6
a7cb9ca8-5342-11ec-a9bb-0242ac1c0002,1,1 month,16.0,6
a7cb9d2a-5342-11ec-a9bb-0242ac1c0002,1,1 month,44.5,6
a7cb9db6-5342-11ec-a9bb-0242ac1c0002,1,1 month,56.5,6
a7cb9e42-5342-11ec-a9bb-0242ac1c0002,1,1 month,39.0,6
a7cb9ece-5342-11ec-a9bb-0242ac1c0002,1,1 month,35.5,6
a7cb9f5a-5342-11ec-a9bb-0242ac1c0002,1,1 month,37.0,6
a7cb9fe6-5342-11ec-a9bb-0242ac1c0002,1,1 month,37.0,6
a7cba068-5342-11ec-a9bb-0242ac1c0002,1,1 month,20.5,6
a7cba0f4-5342-11ec-a9bb-0242ac1c0002,1,1 month,15.5,6
a7cba180-5342-11ec-a9bb-0242ac1c0002,1,1 month,15.5,6
a7cba20c-5342-11ec-a9bb-0242ac1c0002,1,1 month,65.0,6
a7cba28e-5342-11ec-a9bb-0242ac1c0002,1,1 month,37.0,6
a7cba31a-5342-11ec-a9bb-0242ac1c0002,1,1 month,16.0,6
a7cba39c-5342-11ec-a9bb-0242ac1c0002,1,1 month,15.5,6
a7cba428-5342-11ec-a9bb-0242ac1c0002,1,1 month,39.5,6
a7cba4b4-5342-11ec-a9bb-0242ac1c0002,1,1 month,36.5,6
a7cba540-5342-11ec-a9bb-0242ac1c0002,1,1 month,40.0,6
a7cba5cc-5342-11ec-a9bb-0242ac1c0002,1,1 month,60.5,6
a7cba64e-5342-11ec-a9bb-0242ac1c0002,1,1 month,36.0,6
a7cba6da-5342-11ec-a9bb-0242ac1c0002,1,1 month,56.0,6
a7cba75c-5342-11ec-a9bb-0242ac1c0002,1,1 month,56.5,6
a7cba7e8-5342-11ec-a9bb-0242ac1c0002,1,1 month,73.0,6
a7cba86a-5342-11ec-a9bb-0242ac1c0002,1,1 month,56.5,6
a7cba8f6-5342-11ec-a9bb-0242ac1c0002,1,1 month,37.0,6
a7cba978-5342-11ec-a9bb-0242ac1c0002,1,1 month,16.0,6
a7cbaa04-5342-11ec-a9bb-0242ac1c0002,1,1 month,56.0,6
a7cbaa90-5342-11ec-a9bb-0242ac1c0002,1,1 month,56.5,6
a7cbab12-5342-11ec-a9bb-0242ac1c0002,1,1 month,16.5,6
a7cbab9e-5342-11ec-a9bb-0242ac1c0002,1,1 month,35.5,6
a7cbac20-5342-11ec-a9bb-0242ac1c0002,1,1 month,16.5,6
a7cbacac-5342-11ec-a9bb-0242ac1c0002,1,1 month,36.5,6
a7cbad2e-5342-11ec-a9bb-0242ac1c0002,1,1 month,39.5,6
a7cbadba-5342-11ec-a9bb-0242ac1c0002,1,1 month,17.0,6
a7cbae3c-5342-11ec-a9bb-0242ac1c0002,1,1 month,40.0,6
a7cbaec8-5342-11ec-a9bb-0242ac1c0002,1,1 month,36.0,6
a7cbaf54-5342-11ec-a9bb-0242ac1c0002,1,1 month,64.5,6
a7cbafe0-5342-11ec-a9bb-0242ac1c0002,1,1 month,73.5,6
a7cbb062-5342-11ec-a9bb-0242ac1c0002,1,1 month,16.0,6
a7cbb0ee-5342-11ec-a9bb-0242ac1c0002,1,1 month,37.0,6
a7cbb17a-5342-11ec-a9bb-0242ac1c0002,1,1 month,41.0,6
a7cbb206-5342-11ec-a9bb-0242ac1c0002,1,1 month,20.0,6
a7cbb292-5342-11ec-a9bb-0242ac1c0002,1,1 month,20.5,6
a7cbb314-5342-11ec-a9bb-0242ac1c0002,1,1 month,72.5,6
a7cbb3a0-5342-11ec-a9bb-0242ac1c0002,1,1 month,15.5,6
a7cbb422-5342-11ec-a9bb-0242ac1c0002,1,1 month,40.5,6
a7cbb4a4-5342-11ec-a9bb-0242ac1c0002,1,1 month,21.0,6
a7cbb530-5342-11ec-a9bb-0242ac1c0002,1,1 month,35.5,6
a7cbb5b2-5342-11ec-a9bb-0242ac1c0002,1,1 month,16.0,6
a7cbb63e-5342-11ec-a9bb-0242ac1c0002,1,1 month,65.0,6
a7cbb72e-5342-11ec-a9bb-0242ac1c0002,1,1 month,62.0,6
a7cbb7c4-5342-11ec-a9bb-0242ac1c0002,1,1 month,40.5,6
a7cbb850-5342-11ec-a9bb-0242ac1c0002,1,1 month,60.5,6
a7cbb8f0-5342-11ec-a9bb-0242ac1c0002,1,1 month,16.5,6
a7cbb972-5342-11ec-a9bb-0242ac1c0002,1,1 month,29.5,6
a7cbb9fe-5342-11ec-a9bb-0242ac1c0002,1,1 month,65.5,6
a7cbba80-5342-11ec-a9bb-0242ac1c0002,1,1 month,17.0,6
a7cbbb0c-5342-11ec-a9bb-0242ac1c0002,1,1 month,16.0,6
a7cbbb98-5342-11ec-a9bb-0242ac1c0002,1,1 month,59.5,6
a7cbbc60-5342-11ec-a9bb-0242ac1c0002,1,1 month,25.5,6
a7cbbce2-5342-11ec-a9bb-0242ac1c0002,1,1 month,75.5,6
a7cbbd6e-5342-11ec-a9bb-0242ac1c0002,1,1 month,16.0,6
a7cbbdfa-5342-11ec-a9bb-0242ac1c0002,1,1 month,65.5,6
a7cbbe86-5342-11ec-a9bb-0242ac1c0002,1,1 month,17.0,6
a7cbbf08-5342-11ec-a9bb-0242ac1c0002,1,1 month,16.0,6
a7cbbf94-5342-11ec-a9bb-0242ac1c0002,1,1 month,35.5,6
a7cbc016-5342-11ec-a9bb-0242ac1c0002,1,1 month,68.5,6
a7cbc098-5342-11ec-a9bb-0242ac1c0002,1,1 month,16.0,6
a7cbc124-5342-11ec-a9bb-0242ac1c0002,1,1 month,16.5,6
a7cbc1b0-5342-11ec-a9bb-0242ac1c0002,1,1 month,16.0,6
a7cbc232-5342-11ec-a9bb-0242ac1c0002,1,1 month,16.0,6
a7cbc2be-5342-11ec-a9bb-0242ac1c0002,1,1 month,20.5,6
a7cbc340-5342-11ec-a9bb-0242ac1c0002,1,1 month,16.5,6
a7cbc3cc-5342-11ec-a9bb-0242ac1c0002,1,1 month,56.0,6
a7cbc44e-5342-11ec-a9bb-0242ac1c0002,1,1 month,40.5,6
a7cbc4da-5342-11ec-a9bb-0242ac1c0002,1,1 month,20.0,6
a7cbc55c-5342-11ec-a9bb-0242ac1c0002,1,1 month,58.0,6
a7cbc5e8-5342-11ec-a9bb-0242ac1c0002,1,1 month,43.5,6
a7cbc66a-5342-11ec-a9bb-0242ac1c0002,1,1 month,56.0,6
a7cbc6ec-5342-11ec-a9bb-0242ac1c0002,1,1 month,67.5,6
a7cbc778-5342-11ec-a9bb-0242ac1c0002,1,1 month,21.0,6
a7cbc7fa-5342-11ec-a9bb-0242ac1c0002,1,1 month,60.5,6
a7cbc886-5342-11ec-a9bb-0242ac1c0002,1,1 month,16.0,6
a7cbc908-5342-11ec-a9bb-0242ac1c0002,1,1 month,65.5,6
a7cbc98a-5342-11ec-a9bb-0242ac1c0002,1,1 month,56.0,6
a7cbca0c-5342-11ec-a9bb-0242ac1c0002,1,1 month,16.0,6
a7cbca98-5342-11ec-a9bb-0242ac1c0002,1,1 month,57.0,6
a7cbcb24-5342-11ec-a9bb-0242ac1c0002,1,1 month,41.0,6
a7cbcbb0-5342-11ec-a9bb-0242ac1c0002,1,1 month,21.0,6
a7cbcc32-5342-11ec-a9bb-0242ac1c0002,1,1 month,57.0,6
a7cbccbe-5342-11ec-a9bb-0242ac1c0002,1,1 month,69.5,6
a7cbcd40-5342-11ec-a9bb-0242ac1c0002,1,1 month,57.5,6
a7cbcdcc-5342-11ec-a9bb-0242ac1c0002,1,1 month,57.0,6
a7cbce4e-5342-11ec-a9bb-0242ac1c0002,1,1 month,62.0,6
a7cbceda-5342-11ec-a9bb-0242ac1c0002,1,1 month,16.5,6
a7cbcf66-5342-11ec-a9bb-0242ac1c0002,1,1 month,20.5,6
a7cbcfe8-5342-11ec-a9bb-0242ac1c0002,1,1 month,16.0,6
a7cbd074-5342-11ec-a9bb-0242ac1c0002,1,1 month,15.5,6
a7cbd0f6-5342-11ec-a9bb-0242ac1c0002,1,1 month,48.0,6
a7cbd182-5342-11ec-a9bb-0242ac1c0002,1,1 month,56.5,6
a7cbd20e-5342-11ec-a9bb-0242ac1c0002,1,1 month,16.5,6
a7cbd290-5342-11ec-a9bb-0242ac1c0002,1,1 month,59.5,6
a7cbd312-5342-11ec-a9bb-0242ac1c0002,1,1 month,41.0,6
a7cbd39e-5342-11ec-a9bb-0242ac1c0002,1,1 month,40.0,6
a7cbd42a-5342-11ec-a9bb-0242ac1c0002,1,1 month,64.5,6
a7cbd4b6-5342-11ec-a9bb-0242ac1c0002,1,1 month,16.5,6
a7cbd542-5342-11ec-a9bb-0242ac1c0002,1,1 month,32.5,6
a7cbd5c4-5342-11ec-a9bb-0242ac1c0002,1,1 month,16.0,6
a7cbd650-5342-11ec-a9bb-0242ac1c0002,1,1 month,56.5,6
a7cbd6d2-5342-11ec-a9bb-0242ac1c0002,1,1 month,16.0,6
a7cbd75e-5342-11ec-a9bb-0242ac1c0002,1,1 month,64.0,6
a7cbd7ea-5342-11ec-a9bb-0242ac1c0002,1,1 month,35.5,6
a7cbd86c-5342-11ec-a9bb-0242ac1c0002,1,1 month,68.5,6
a7cbd8f8-5342-11ec-a9bb-0242ac1c0002,1,1 month,44.5,6
a7cbd984-5342-11ec-a9bb-0242ac1c0002,1,1 month,65.0,6
a7cbda06-5342-11ec-a9bb-0242ac1c0002,1,1 month,76.0,6
a7cbda92-5342-11ec-a9bb-0242ac1c0002,1,1 month,74.5,6
a7cbdb1e-5342-11ec-a9bb-0242ac1c0002,1,1 month,37.5,6
a7cbdba0-5342-11ec-a9bb-0242ac1c0002,1,1 month,16.5,6
a7cbdc2c-5342-11ec-a9bb-0242ac1c0002,1,1 month,55.5,6
a7cbdcb8-5342-11ec-a9bb-0242ac1c0002,1,1 month,17.0,6
a7cbdd44-5342-11ec-a9bb-0242ac1c0002,1,1 month,64.5,6
a7cbde16-5342-11ec-a9bb-0242ac1c0002,1,1 month,68.5,6
a7cbdea2-5342-11ec-a9bb-0242ac1c0002,1,1 month,48.0,6
a7cbdf2e-5342-11ec-a9bb-0242ac1c0002,1,1 month,36.5,6
a7cbdfba-5342-11ec-a9bb-0242ac1c0002,1,1 month,64.0,6
a7cbe046-5342-11ec-a9bb-0242ac1c0002,1,1 month,16.0,6
a7cbe0c8-5342-11ec-a9bb-0242ac1c0002,1,1 month,59.0,6
a7cbe154-5342-11ec-a9bb-0242ac1c0002,1,1 month,60.0,6
a7cbe1d6-5342-11ec-a9bb-0242ac1c0002,1,1 month,32.0,6
a7cbe258-5342-11ec-a9bb-0242ac1c0002,1,1 month,36.5,6
a7cbe316-5342-11ec-a9bb-0242ac1c0002,1,1 month,16.0,6
a7cbe398-5342-11ec-a9bb-0242ac1c0002,1,1 month,60.0,6
a7cbe41a-5342-11ec-a9bb-0242ac1c0002,1,1 month,15.5,6
a7cbe4a6-5342-11ec-a9bb-0242ac1c0002,1,1 month,68.5,6
a7cbe532-5342-11ec-a9bb-0242ac1c0002,1,1 month,24.5,6
a7cbe618-5342-11ec-a9bb-0242ac1c0002,1,1 month,57.5,6
a7cbe6a4-5342-11ec-a9bb-0242ac1c0002,1,1 month,43.5,6
a7cbe744-5342-11ec-a9bb-0242ac1c0002,1,1 month,36.5,6
a7cbe7d0-5342-11ec-a9bb-0242ac1c0002,1,1 month,16.0,6
a7cbe852-5342-11ec-a9bb-0242ac1c0002,1,1 month,57.5,6
a7cbe8d4-5342-11ec-a9bb-0242ac1c0002,1,1 month,56.5,6
a7cbe956-5342-11ec-a9bb-0242ac1c0002,1,1 month,57.0,6
a7cbe9e2-5342-11ec-a9bb-0242ac1c0002,1,1 month,16.0,6
a7cbea64-5342-11ec-a9bb-0242ac1c0002,1,1 month,15.5,6
a7cbeaf0-5342-11ec-a9bb-0242ac1c0002,1,1 month,72.0,6
a7cbeb7c-5342-11ec-a9bb-0242ac1c0002,1,1 month,57.5,6
a7cbebfe-5342-11ec-a9bb-0242ac1c0002,1,1 month,64.0,6
a7cbec80-5342-11ec-a9bb-0242ac1c0002,1,1 month,68.5,6
a7cbed0c-5342-11ec-a9bb-0242ac1c0002,1,1 month,56.5,6
a7cbed8e-5342-11ec-a9bb-0242ac1c0002,1,1 month,37.0,6
a7cbee10-5342-11ec-a9bb-0242ac1c0002,1,1 month,15.5,6
a7cbee92-5342-11ec-a9bb-0242ac1c0002,1,1 month,16.5,6
a7cbef46-5342-11ec-a9bb-0242ac1c0002,1,1 month,71.5,6
a7cbefc8-5342-11ec-a9bb-0242ac1c0002,1,1 month,16.0,6
a7cbf068-5342-11ec-a9bb-0242ac1c0002,1,1 month,16.0,6
a7cbf0ea-5342-11ec-a9bb-0242ac1c0002,1,1 month,41.0,6
a7cbf16c-5342-11ec-a9bb-0242ac1c0002,1,1 month,61.0,6
a7cbf1f8-5342-11ec-a9bb-0242ac1c0002,1,1 month,20.5,6
a7cbf27a-5342-11ec-a9bb-0242ac1c0002,1,1 month,15.5,6
a7cbf2fc-5342-11ec-a9bb-0242ac1c0002,1,1 month,60.5,6
a7cbf37e-5342-11ec-a9bb-0242ac1c0002,1,1 month,61.0,6
a7cbf400-5342-11ec-a9bb-0242ac1c0002,1,1 month,81.0,6
a7cbf48c-5342-11ec-a9bb-0242ac1c0002,1,1 month,16.0,6
a7cbf50e-5342-11ec-a9bb-0242ac1c0002,1,1 month,64.5,6
a7cbf590-5342-11ec-a9bb-0242ac1c0002,1,1 month,44.5,6
a7cbf612-5342-11ec-a9bb-0242ac1c0002,1,1 month,25.5,6
a7cbf69e-5342-11ec-a9bb-0242ac1c0002,1,1 month,41.0,6
a7cbf72a-5342-11ec-a9bb-0242ac1c0002,1,1 month,16.5,6
a7cbf7ac-5342-11ec-a9bb-0242ac1c0002,1,1 month,57.0,6
a7cbf856-5342-11ec-a9bb-0242ac1c0002,1,1 month,16.0,6
a7cbf8e2-5342-11ec-a9bb-0242ac1c0002,1,1 month,37.0,6
a7cbf964-5342-11ec-a9bb-0242ac1c0002,1,1 month,56.5,6
a7cbf9e6-5342-11ec-a9bb-0242ac1c0002,1,1 month,73.5,6
a7cbfa68-5342-11ec-a9bb-0242ac1c0002,1,1 month,65.5,6
a7cbfaf4-5342-11ec-a9bb-0242ac1c0002,1,1 month,57.0,6
a7cbfb76-5342-11ec-a9bb-0242ac1c0002,1,1 month,16.5,6
a7cbfbf8-5342-11ec-a9bb-0242ac1c0002,1,1 month,15.5,6
a7cbfc7a-5342-11ec-a9bb-0242ac1c0002,1,1 month,68.5,6
a7cbfd10-5342-11ec-a9bb-0242ac1c0002,1,1 month,16.5,6
a7cbfd92-5342-11ec-a9bb-0242ac1c0002,1,1 month,28.5,6
a7cbfe14-5342-11ec-a9bb-0242ac1c0002,1,1 month,72.5,6
a7cbfea0-5342-11ec-a9bb-0242ac1c0002,1,1 month,55.5,6
a7cbff22-5342-11ec-a9bb-0242ac1c0002,1,1 month,17.0,6
a7cbffa4-5342-11ec-a9bb-0242ac1c0002,1,1 month,37.0,6
a7cc0030-5342-11ec-a9bb-0242ac1c0002,1,1 month,40.5,6
a7cc00b2-5342-11ec-a9bb-0242ac1c0002,1,1 month,16.5,6
a7cc015c-5342-11ec-a9bb-0242ac1c0002,1,1 month,15.5,6
a7cc01de-5342-11ec-a9bb-0242ac1c0002,1,1 month,15.5,6
a7cc026a-5342-11ec-a9bb-0242ac1c0002,1,1 month,41.0,6
a7cc02ec-5342-11ec-a9bb-0242ac1c0002,1,1 month,60.5,6
a7cc0382-5342-11ec-a9bb-0242ac1c0002,1,1 month,40.5,6
a7cc0404-5342-11ec-a9bb-0242ac1c0002,1,1 month,57.0,6
a7cc0486-5342-11ec-a9bb-0242ac1c0002,1,1 month,45.0,6
a7cc0562-5342-11ec-a9bb-0242ac1c0002,1,1 month,39.5,6
a7cc05e4-5342-11ec-a9bb-0242ac1c0002,1,1 month,56.5,6
a7cc0670-5342-11ec-a9bb-0242ac1c0002,1,1 month,69.5,6
a7cc06f2-5342-11ec-a9bb-0242ac1c0002,1,1 month,16.5,6
a7cc0774-5342-11ec-a9bb-0242ac1c0002,1,1 month,24.5,6
a7cc0800-5342-11ec-a9bb-0242ac1c0002,1,1 month,64.0,6
a7cc0882-5342-11ec-a9bb-0242ac1c0002,1,1 month,69.0,6
a7cc0904-5342-11ec-a9bb-0242ac1c0002,1,1 month,27.0,6
a7cc0990-5342-11ec-a9bb-0242ac1c0002,1,1 month,36.5,6
a7cc0a4e-5342-11ec-a9bb-0242ac1c0002,1,1 month,36.5,6
a7cc0b02-5342-11ec-a9bb-0242ac1c0002,1,1 month,60.5,6
a7cc0b84-5342-11ec-a9bb-0242ac1c0002,1,1 month,73.5,6
a7cc0c06-5342-11ec-a9bb-0242ac1c0002,1,1 month,16.5,6
a7cc0c92-5342-11ec-a9bb-0242ac1c0002,1,1 month,61.5,6
a7cc0d14-5342-11ec-a9bb-0242ac1c0002,1,1 month,41.0,6
a7cc0d96-5342-11ec-a9bb-0242ac1c0002,1,1 month,36.0,6
a7cc0e18-5342-11ec-a9bb-0242ac1c0002,1,1 month,60.5,6
a7cc0ea4-5342-11ec-a9bb-0242ac1c0002,1,1 month,16.5,6
a7cc0f26-5342-11ec-a9bb-0242ac1c0002,1,1 month,57.0,6
